package,filename,version,is_wheel,has_attestation,provenance_url
aiofiles,aiofiles-25.1.0-0-py3-none-any.whl,25.1.0,Yes,Yes,https://packages.redhat.com/pypi/trusted-libraries/main/integrity/aiofiles/25.1.0/aiofiles-25.1.0-0-py3-none-any.whl/provenance/
aiofiles,aiofiles-25.1.0.tar.gz,25.1.0,No,Yes,https://packages.redhat.com/pypi/trusted-libraries/main/integrity/aiofiles/25.1.0/aiofiles-25.1.0.tar.gz/provenance/
amqp,amqp-5.3.1-0-py3-none-any.whl,5.3.1,Yes,Yes,https://packages.redhat.com/pypi/trusted-libraries/main/integrity/amqp/5.3.1/amqp-5.3.1-0-py3-none-any.whl/provenance/
amqp,amqp-5.3.1.tar.gz,5.3.1,No,Yes,https://packages.redhat.com/pypi/trusted-libraries/main/integrity/amqp/5.3.1/amqp-5.3.1.tar.gz/provenance/
anyio,anyio-4.12.1-0-py3-none-any.whl,4.12.1,Yes,Yes,https://packages.redhat.com/pypi/trusted-libraries/main/integrity/anyio/4.12.1/anyio-4.12.1-0-py3-none-any.whl/provenance/
anyio,anyio-4.12.1.tar.gz,4.12.1,No,Yes,https://packages.redhat.com/pypi/trusted-libraries/main/integrity/anyio/4.12.1/anyio-4.12.1.tar.gz/provenance/
apispec,apispec-6.9.0-0-py3-none-any.whl,6.9.0,Yes,Yes,https://packages.redhat.com/pypi/trusted-libraries/main/integrity/apispec/6.9.0/apispec-6.9.0-0-py3-none-any.whl/provenance/
apispec,apispec-6.9.0.tar.gz,6.9.0,No,Yes,https://packages.redhat.com/pypi/trusted-libraries/main/integrity/apispec/6.9.0/apispec-6.9.0.tar.gz/provenance/
asttokens,asttokens-3.0.1-0-py3-none-any.whl,3.0.1,Yes,Yes,https://packages.redhat.com/pypi/trusted-libraries/main/integrity/asttokens/3.0.1/asttokens-3.0.1-0-py3-none-any.whl/provenance/
asttokens,asttokens-3.0.1.tar.gz,3.0.1,No,Yes,https://packages.redhat.com/pypi/trusted-libraries/main/integrity/asttokens/3.0.1/asttokens-3.0.1.tar.gz/provenance/
async-lru,async_lru-2.1.0-0-py3-none-any.whl,2.1.0,Yes,Yes,https://packages.redhat.com/pypi/trusted-libraries/main/integrity/async-lru/2.1.0/async_lru-2.1.0-0-py3-none-any.whl/provenance/
async-lru,async-lru-2.1.0.tar.gz,2.1.0,No,Yes,https://packages.redhat.com/pypi/trusted-libraries/main/integrity/async-lru/2.1.0/async-lru-2.1.0.tar.gz/provenance/
async-timeout,async_timeout-5.0.1-0-py3-none-any.whl,5.0.1,Yes,Yes,https://packages.redhat.com/pypi/trusted-libraries/main/integrity/async-timeout/5.0.1/async_timeout-5.0.1-0-py3-none-any.whl/provenance/
async-timeout,async-timeout-5.0.1.tar.gz,5.0.1,No,Yes,https://packages.redhat.com/pypi/trusted-libraries/main/integrity/async-timeout/5.0.1/async-timeout-5.0.1.tar.gz/provenance/
attrs,attrs-25.4.0-0-py3-none-any.whl,25.4.0,Yes,Yes,https://packages.redhat.com/pypi/trusted-libraries/main/integrity/attrs/25.4.0/attrs-25.4.0-0-py3-none-any.whl/provenance/
attrs,attrs-25.4.0.tar.gz,25.4.0,No,Yes,https://packages.redhat.com/pypi/trusted-libraries/main/integrity/attrs/25.4.0/attrs-25.4.0.tar.gz/provenance/
azure-common,azure_common-1.1.28-0-py2.py3-none-any.whl,1.1.28,Yes,Yes,https://packages.redhat.com/pypi/trusted-libraries/main/integrity/azure-common/1.1.28/azure_common-1.1.28-0-py2.py3-none-any.whl/provenance/
azure-common,azure-common-1.1.28.tar.gz,1.1.28,No,Yes,https://packages.redhat.com/pypi/trusted-libraries/main/integrity/azure-common/1.1.28/azure-common-1.1.28.tar.gz/provenance/
bidict,bidict-0.23.1-0-py3-none-any.whl,0.23.1,Yes,Yes,https://packages.redhat.com/pypi/trusted-libraries/main/integrity/bidict/0.23.1/bidict-0.23.1-0-py3-none-any.whl/provenance/
bidict,bidict-0.23.1.tar.gz,0.23.1,No,Yes,https://packages.redhat.com/pypi/trusted-libraries/main/integrity/bidict/0.23.1/bidict-0.23.1.tar.gz/provenance/
billiard,billiard-4.2.4-0-py3-none-any.whl,4.2.4,Yes,Yes,https://packages.redhat.com/pypi/trusted-libraries/main/integrity/billiard/4.2.4/billiard-4.2.4-0-py3-none-any.whl/provenance/
billiard,billiard-4.2.4.tar.gz,4.2.4,No,Yes,https://packages.redhat.com/pypi/trusted-libraries/main/integrity/billiard/4.2.4/billiard-4.2.4.tar.gz/provenance/
boltons,boltons-25.0.0-0-py3-none-any.whl,25.0.0,Yes,Yes,https://packages.redhat.com/pypi/trusted-libraries/main/integrity/boltons/25.0.0/boltons-25.0.0-0-py3-none-any.whl/provenance/
boltons,boltons-25.0.0.tar.gz,25.0.0,No,Yes,https://packages.redhat.com/pypi/trusted-libraries/main/integrity/boltons/25.0.0/boltons-25.0.0.tar.gz/provenance/
build,build-1.4.0-0-py3-none-any.whl,1.4.0,Yes,Yes,https://packages.redhat.com/pypi/trusted-libraries/main/integrity/build/1.4.0/build-1.4.0-0-py3-none-any.whl/provenance/
build,build-1.4.0.tar.gz,1.4.0,No,Yes,https://packages.redhat.com/pypi/trusted-libraries/main/integrity/build/1.4.0/build-1.4.0.tar.gz/provenance/
calver,calver-2025.10.20-0-py3-none-any.whl,2025.10.20,Yes,Yes,https://packages.redhat.com/pypi/trusted-libraries/main/integrity/calver/2025.10.20/calver-2025.10.20-0-py3-none-any.whl/provenance/
calver,calver-2025.10.20.tar.gz,2025.10.20,No,Yes,https://packages.redhat.com/pypi/trusted-libraries/main/integrity/calver/2025.10.20/calver-2025.10.20.tar.gz/provenance/
cattrs,cattrs-26.1.0-0-py3-none-any.whl,26.1.0,Yes,Yes,https://packages.redhat.com/pypi/trusted-libraries/main/integrity/cattrs/26.1.0/cattrs-26.1.0-0-py3-none-any.whl/provenance/
cattrs,cattrs-26.1.0.tar.gz,26.1.0,No,Yes,https://packages.redhat.com/pypi/trusted-libraries/main/integrity/cattrs/26.1.0/cattrs-26.1.0.tar.gz/provenance/
cattrs,cattrs-25.3.0-0-py3-none-any.whl,25.3.0,Yes,Yes,https://packages.redhat.com/pypi/trusted-libraries/main/integrity/cattrs/25.3.0/cattrs-25.3.0-0-py3-none-any.whl/provenance/
cattrs,cattrs-25.3.0.tar.gz,25.3.0,No,Yes,https://packages.redhat.com/pypi/trusted-libraries/main/integrity/cattrs/25.3.0/cattrs-25.3.0.tar.gz/provenance/
cloudpickle,cloudpickle-3.1.2-0-py3-none-any.whl,3.1.2,Yes,Yes,https://packages.redhat.com/pypi/trusted-libraries/main/integrity/cloudpickle/3.1.2/cloudpickle-3.1.2-0-py3-none-any.whl/provenance/
cloudpickle,cloudpickle-3.1.2.tar.gz,3.1.2,No,Yes,https://packages.redhat.com/pypi/trusted-libraries/main/integrity/cloudpickle/3.1.2/cloudpickle-3.1.2.tar.gz/provenance/
colorlog,colorlog-6.10.1-0-py3-none-any.whl,6.10.1,Yes,Yes,https://packages.redhat.com/pypi/trusted-libraries/main/integrity/colorlog/6.10.1/colorlog-6.10.1-0-py3-none-any.whl/provenance/
colorlog,colorlog-6.10.1.tar.gz,6.10.1,No,Yes,https://packages.redhat.com/pypi/trusted-libraries/main/integrity/colorlog/6.10.1/colorlog-6.10.1.tar.gz/provenance/
configargparse,configargparse-1.7.1-0-py3-none-any.whl,1.7.1,Yes,Yes,https://packages.redhat.com/pypi/trusted-libraries/main/integrity/configargparse/1.7.1/configargparse-1.7.1-0-py3-none-any.whl/provenance/
configargparse,configargparse-1.7.1.tar.gz,1.7.1,No,Yes,https://packages.redhat.com/pypi/trusted-libraries/main/integrity/configargparse/1.7.1/configargparse-1.7.1.tar.gz/provenance/
configparser,configparser-7.2.0-0-py3-none-any.whl,7.2.0,Yes,Yes,https://packages.redhat.com/pypi/trusted-libraries/main/integrity/configparser/7.2.0/configparser-7.2.0-0-py3-none-any.whl/provenance/
configparser,configparser-7.2.0.tar.gz,7.2.0,No,Yes,https://packages.redhat.com/pypi/trusted-libraries/main/integrity/configparser/7.2.0/configparser-7.2.0.tar.gz/provenance/
cython,cython-3.2.4-0-cp312-cp312-linux_x86_64.whl,3.2.4,Yes,Yes,https://packages.redhat.com/pypi/trusted-libraries/main/integrity/cython/3.2.4/cython-3.2.4-0-cp312-cp312-linux_x86_64.whl/provenance/
cython,cython-3.2.4-0-cp312-cp312-manylinux2014_x86_64.manylinux_2_17_x86_64.manylinux_2_28_x86_64.whl,3.2.4,Yes,Yes,https://packages.redhat.com/pypi/trusted-libraries/main/integrity/cython/3.2.4/cython-3.2.4-0-cp312-cp312-manylinux2014_x86_64.manylinux_2_17_x86_64.manylinux_2_28_x86_64.whl/provenance/
cython,Cython-3.2.4.tar.gz,3.2.4,No,Yes,https://packages.redhat.com/pypi/trusted-libraries/main/integrity/cython/3.2.4/Cython-3.2.4.tar.gz/provenance/
dacite,dacite-1.9.2-0-py3-none-any.whl,1.9.2,Yes,Yes,https://packages.redhat.com/pypi/trusted-libraries/main/integrity/dacite/1.9.2/dacite-1.9.2-0-py3-none-any.whl/provenance/
dacite,dacite-1.9.2.tar.gz,1.9.2,No,Yes,https://packages.redhat.com/pypi/trusted-libraries/main/integrity/dacite/1.9.2/dacite-1.9.2.tar.gz/provenance/
defusedxml,defusedxml-0.8.0rc2-0-py2.py3-none-any.whl,0.8.0rc2,Yes,Yes,https://packages.redhat.com/pypi/trusted-libraries/main/integrity/defusedxml/0.8.0rc2/defusedxml-0.8.0rc2-0-py2.py3-none-any.whl/provenance/
defusedxml,defusedxml-0.8.0rc2.tar.gz,0.8.0rc2,No,Yes,https://packages.redhat.com/pypi/trusted-libraries/main/integrity/defusedxml/0.8.0rc2/defusedxml-0.8.0rc2.tar.gz/provenance/
dill,dill-0.4.1-0-py3-none-any.whl,0.4.1,Yes,Yes,https://packages.redhat.com/pypi/trusted-libraries/main/integrity/dill/0.4.1/dill-0.4.1-0-py3-none-any.whl/provenance/
dill,dill-0.4.1.tar.gz,0.4.1,No,Yes,https://packages.redhat.com/pypi/trusted-libraries/main/integrity/dill/0.4.1/dill-0.4.1.tar.gz/provenance/
diskcache,diskcache-5.6.3-0-py3-none-any.whl,5.6.3,Yes,Yes,https://packages.redhat.com/pypi/trusted-libraries/main/integrity/diskcache/5.6.3/diskcache-5.6.3-0-py3-none-any.whl/provenance/
diskcache,diskcache-5.6.3.tar.gz,5.6.3,No,Yes,https://packages.redhat.com/pypi/trusted-libraries/main/integrity/diskcache/5.6.3/diskcache-5.6.3.tar.gz/provenance/
distro,distro-1.9.0-0-py3-none-any.whl,1.9.0,Yes,Yes,https://packages.redhat.com/pypi/trusted-libraries/main/integrity/distro/1.9.0/distro-1.9.0-0-py3-none-any.whl/provenance/
distro,distro-1.9.0.tar.gz,1.9.0,No,Yes,https://packages.redhat.com/pypi/trusted-libraries/main/integrity/distro/1.9.0/distro-1.9.0.tar.gz/provenance/
ecdsa,ecdsa-0.19.1-0-py2.py3-none-any.whl,0.19.1,Yes,Yes,https://packages.redhat.com/pypi/trusted-libraries/main/integrity/ecdsa/0.19.1/ecdsa-0.19.1-0-py2.py3-none-any.whl/provenance/
ecdsa,ecdsa-0.19.1.tar.gz,0.19.1,No,Yes,https://packages.redhat.com/pypi/trusted-libraries/main/integrity/ecdsa/0.19.1/ecdsa-0.19.1.tar.gz/provenance/
emoji,emoji-2.15.0-0-py3-none-any.whl,2.15.0,Yes,Yes,https://packages.redhat.com/pypi/trusted-libraries/main/integrity/emoji/2.15.0/emoji-2.15.0-0-py3-none-any.whl/provenance/
emoji,emoji-2.15.0.tar.gz,2.15.0,No,Yes,https://packages.redhat.com/pypi/trusted-libraries/main/integrity/emoji/2.15.0/emoji-2.15.0.tar.gz/provenance/
executing,executing-2.2.1-0-py2.py3-none-any.whl,2.2.1,Yes,Yes,https://packages.redhat.com/pypi/trusted-libraries/main/integrity/executing/2.2.1/executing-2.2.1-0-py2.py3-none-any.whl/provenance/
executing,executing-2.2.1.tar.gz,2.2.1,No,Yes,https://packages.redhat.com/pypi/trusted-libraries/main/integrity/executing/2.2.1/executing-2.2.1.tar.gz/provenance/
face,face-26.0.0-0-py3-none-any.whl,26.0.0,Yes,Yes,https://packages.redhat.com/pypi/trusted-libraries/main/integrity/face/26.0.0/face-26.0.0-0-py3-none-any.whl/provenance/
face,face-26.0.0.tar.gz,26.0.0,No,Yes,https://packages.redhat.com/pypi/trusted-libraries/main/integrity/face/26.0.0/face-26.0.0.tar.gz/provenance/
fasteners,fasteners-0.20-0-py3-none-any.whl,0.20,Yes,Yes,https://packages.redhat.com/pypi/trusted-libraries/main/integrity/fasteners/0.20/fasteners-0.20-0-py3-none-any.whl/provenance/
fasteners,fasteners-0.20.tar.gz,0.20,No,Yes,https://packages.redhat.com/pypi/trusted-libraries/main/integrity/fasteners/0.20/fasteners-0.20.tar.gz/provenance/
flit-core,flit_core-3.12.0-0-py3-none-any.whl,3.12.0,Yes,Yes,https://packages.redhat.com/pypi/trusted-libraries/main/integrity/flit-core/3.12.0/flit_core-3.12.0-0-py3-none-any.whl/provenance/
flit-core,flit_core-3.12.0.tar.gz,3.12.0,No,Yes,https://packages.redhat.com/pypi/trusted-libraries/main/integrity/flit-core/3.12.0/flit_core-3.12.0.tar.gz/provenance/
funcy,funcy-2.0-0-py2.py3-none-any.whl,2.0,Yes,Yes,https://packages.redhat.com/pypi/trusted-libraries/main/integrity/funcy/2.0/funcy-2.0-0-py2.py3-none-any.whl/provenance/
funcy,funcy-2.0.tar.gz,2.0,No,Yes,https://packages.redhat.com/pypi/trusted-libraries/main/integrity/funcy/2.0/funcy-2.0.tar.gz/provenance/
gitdb,gitdb-4.0.11-0-py3-none-any.whl,4.0.11,Yes,Yes,https://packages.redhat.com/pypi/trusted-libraries/main/integrity/gitdb/4.0.11/gitdb-4.0.11-0-py3-none-any.whl/provenance/
gitdb,gitdb-4.0.11.tar.gz,4.0.11,No,Yes,https://packages.redhat.com/pypi/trusted-libraries/main/integrity/gitdb/4.0.11/gitdb-4.0.11.tar.gz/provenance/
glom,glom-25.12.0-0-py3-none-any.whl,25.12.0,Yes,Yes,https://packages.redhat.com/pypi/trusted-libraries/main/integrity/glom/25.12.0/glom-25.12.0-0-py3-none-any.whl/provenance/
glom,glom-25.12.0.tar.gz,25.12.0,No,Yes,https://packages.redhat.com/pypi/trusted-libraries/main/integrity/glom/25.12.0/glom-25.12.0.tar.gz/provenance/
google-pasta,google_pasta-0.2.0-0-py3-none-any.whl,0.2.0,Yes,Yes,https://packages.redhat.com/pypi/trusted-libraries/main/integrity/google-pasta/0.2.0/google_pasta-0.2.0-0-py3-none-any.whl/provenance/
google-pasta,google-pasta-0.2.0.tar.gz,0.2.0,No,Yes,https://packages.redhat.com/pypi/trusted-libraries/main/integrity/google-pasta/0.2.0/google-pasta-0.2.0.tar.gz/provenance/
graphene,graphene-3.4.3-0-py2.py3-none-any.whl,3.4.3,Yes,Yes,https://packages.redhat.com/pypi/trusted-libraries/main/integrity/graphene/3.4.3/graphene-3.4.3-0-py2.py3-none-any.whl/provenance/
graphene,graphene-3.4.3.tar.gz,3.4.3,No,Yes,https://packages.redhat.com/pypi/trusted-libraries/main/integrity/graphene/3.4.3/graphene-3.4.3.tar.gz/provenance/
graphql-core,graphql_core-3.2.7-0-py3-none-any.whl,3.2.7,Yes,Yes,https://packages.redhat.com/pypi/trusted-libraries/main/integrity/graphql-core/3.2.7/graphql_core-3.2.7-0-py3-none-any.whl/provenance/
graphql-core,graphql-core-3.2.7.tar.gz,3.2.7,No,Yes,https://packages.redhat.com/pypi/trusted-libraries/main/integrity/graphql-core/3.2.7/graphql-core-3.2.7.tar.gz/provenance/
graphql-relay,graphql_relay-3.2.0-0-py3-none-any.whl,3.2.0,Yes,Yes,https://packages.redhat.com/pypi/trusted-libraries/main/integrity/graphql-relay/3.2.0/graphql_relay-3.2.0-0-py3-none-any.whl/provenance/
graphql-relay,graphql-relay-3.2.0.tar.gz,3.2.0,No,Yes,https://packages.redhat.com/pypi/trusted-libraries/main/integrity/graphql-relay/3.2.0/graphql-relay-3.2.0.tar.gz/provenance/
hatch-fancy-pypi-readme,hatch_fancy_pypi_readme-25.1.0-0-py3-none-any.whl,25.1.0,Yes,Yes,https://packages.redhat.com/pypi/trusted-libraries/main/integrity/hatch-fancy-pypi-readme/25.1.0/hatch_fancy_pypi_readme-25.1.0-0-py3-none-any.whl/provenance/
hatch-fancy-pypi-readme,hatch-fancy-pypi-readme-25.1.0.tar.gz,25.1.0,No,Yes,https://packages.redhat.com/pypi/trusted-libraries/main/integrity/hatch-fancy-pypi-readme/25.1.0/hatch-fancy-pypi-readme-25.1.0.tar.gz/provenance/
hatch-vcs,hatch_vcs-0.5.0-0-py3-none-any.whl,0.5.0,Yes,Yes,https://packages.redhat.com/pypi/trusted-libraries/main/integrity/hatch-vcs/0.5.0/hatch_vcs-0.5.0-0-py3-none-any.whl/provenance/
hatch-vcs,hatch-vcs-0.5.0.tar.gz,0.5.0,No,Yes,https://packages.redhat.com/pypi/trusted-libraries/main/integrity/hatch-vcs/0.5.0/hatch-vcs-0.5.0.tar.gz/provenance/
hatchling,hatchling-1.28.0-0-py3-none-any.whl,1.28.0,Yes,Yes,https://packages.redhat.com/pypi/trusted-libraries/main/integrity/hatchling/1.28.0/hatchling-1.28.0-0-py3-none-any.whl/provenance/
hatchling,hatchling-1.28.0.tar.gz,1.28.0,No,Yes,https://packages.redhat.com/pypi/trusted-libraries/main/integrity/hatchling/1.28.0/hatchling-1.28.0.tar.gz/provenance/
humanfriendly,humanfriendly-10.0-0-py2.py3-none-any.whl,10.0,Yes,Yes,https://packages.redhat.com/pypi/trusted-libraries/main/integrity/humanfriendly/10.0/humanfriendly-10.0-0-py2.py3-none-any.whl/provenance/
humanfriendly,humanfriendly-10.0.tar.gz,10.0,No,Yes,https://packages.redhat.com/pypi/trusted-libraries/main/integrity/humanfriendly/10.0/humanfriendly-10.0.tar.gz/provenance/
idna,idna-3.11-0-py3-none-any.whl,3.11,Yes,Yes,https://packages.redhat.com/pypi/trusted-libraries/main/integrity/idna/3.11/idna-3.11-0-py3-none-any.whl/provenance/
idna,idna-3.11.tar.gz,3.11,No,Yes,https://packages.redhat.com/pypi/trusted-libraries/main/integrity/idna/3.11/idna-3.11.tar.gz/provenance/
installer,installer-0.7.0-0-py3-none-any.whl,0.7.0,Yes,Yes,https://packages.redhat.com/pypi/trusted-libraries/main/integrity/installer/0.7.0/installer-0.7.0-0-py3-none-any.whl/provenance/
installer,installer-0.7.0.tar.gz,0.7.0,No,Yes,https://packages.redhat.com/pypi/trusted-libraries/main/integrity/installer/0.7.0/installer-0.7.0.tar.gz/provenance/
invoke,invoke-2.2.1-0-py3-none-any.whl,2.2.1,Yes,Yes,https://packages.redhat.com/pypi/trusted-libraries/main/integrity/invoke/2.2.1/invoke-2.2.1-0-py3-none-any.whl/provenance/
invoke,invoke-2.2.1.tar.gz,2.2.1,No,Yes,https://packages.redhat.com/pypi/trusted-libraries/main/integrity/invoke/2.2.1/invoke-2.2.1.tar.gz/provenance/
jsonlines,jsonlines-4.0.0-0-py3-none-any.whl,4.0.0,Yes,Yes,https://packages.redhat.com/pypi/trusted-libraries/main/integrity/jsonlines/4.0.0/jsonlines-4.0.0-0-py3-none-any.whl/provenance/
jsonlines,jsonlines-4.0.0.tar.gz,4.0.0,No,Yes,https://packages.redhat.com/pypi/trusted-libraries/main/integrity/jsonlines/4.0.0/jsonlines-4.0.0.tar.gz/provenance/
jsonpatch,jsonpatch-1.33-0-py2.py3-none-any.whl,1.33,Yes,Yes,https://packages.redhat.com/pypi/trusted-libraries/main/integrity/jsonpatch/1.33/jsonpatch-1.33-0-py2.py3-none-any.whl/provenance/
jsonpatch,jsonpatch-1.33.tar.gz,1.33,No,Yes,https://packages.redhat.com/pypi/trusted-libraries/main/integrity/jsonpatch/1.33/jsonpatch-1.33.tar.gz/provenance/
jsonpointer,jsonpointer-3.0.0-0-py2.py3-none-any.whl,3.0.0,Yes,Yes,https://packages.redhat.com/pypi/trusted-libraries/main/integrity/jsonpointer/3.0.0/jsonpointer-3.0.0-0-py2.py3-none-any.whl/provenance/
jsonpointer,jsonpointer-3.0.0.tar.gz,3.0.0,No,Yes,https://packages.redhat.com/pypi/trusted-libraries/main/integrity/jsonpointer/3.0.0/jsonpointer-3.0.0.tar.gz/provenance/
jsonref,jsonref-1.1.0-0-py3-none-any.whl,1.1.0,Yes,Yes,https://packages.redhat.com/pypi/trusted-libraries/main/integrity/jsonref/1.1.0/jsonref-1.1.0-0-py3-none-any.whl/provenance/
jsonref,jsonref-1.1.0.tar.gz,1.1.0,No,Yes,https://packages.redhat.com/pypi/trusted-libraries/main/integrity/jsonref/1.1.0/jsonref-1.1.0.tar.gz/provenance/
loguru,loguru-0.7.3-0-py3-none-any.whl,0.7.3,Yes,Yes,https://packages.redhat.com/pypi/trusted-libraries/main/integrity/loguru/0.7.3/loguru-0.7.3-0-py3-none-any.whl/provenance/
loguru,loguru-0.7.3.tar.gz,0.7.3,No,Yes,https://packages.redhat.com/pypi/trusted-libraries/main/integrity/loguru/0.7.3/loguru-0.7.3.tar.gz/provenance/
mako,mako-1.3.10-0-py3-none-any.whl,1.3.10,Yes,Yes,https://packages.redhat.com/pypi/trusted-libraries/main/integrity/mako/1.3.10/mako-1.3.10-0-py3-none-any.whl/provenance/
mako,mako-1.3.10.tar.gz,1.3.10,No,Yes,https://packages.redhat.com/pypi/trusted-libraries/main/integrity/mako/1.3.10/mako-1.3.10.tar.gz/provenance/
markupsafe,markupsafe-3.0.3-0-cp312-cp312-linux_x86_64.whl,3.0.3,Yes,Yes,https://packages.redhat.com/pypi/trusted-libraries/main/integrity/markupsafe/3.0.3/markupsafe-3.0.3-0-cp312-cp312-linux_x86_64.whl/provenance/
markupsafe,markupsafe-3.0.3-0-cp312-cp312-manylinux2014_x86_64.manylinux_2_17_x86_64.manylinux_2_28_x86_64.whl,3.0.3,Yes,Yes,https://packages.redhat.com/pypi/trusted-libraries/main/integrity/markupsafe/3.0.3/markupsafe-3.0.3-0-cp312-cp312-manylinux2014_x86_64.manylinux_2_17_x86_64.manylinux_2_28_x86_64.whl/provenance/
markupsafe,MarkupSafe-3.0.3.tar.gz,3.0.3,No,Yes,https://packages.redhat.com/pypi/trusted-libraries/main/integrity/markupsafe/3.0.3/MarkupSafe-3.0.3.tar.gz/provenance/
mccabe,mccabe-0.7.0-0-py2.py3-none-any.whl,0.7.0,Yes,Yes,https://packages.redhat.com/pypi/trusted-libraries/main/integrity/mccabe/0.7.0/mccabe-0.7.0-0-py2.py3-none-any.whl/provenance/
mccabe,mccabe-0.7.0.tar.gz,0.7.0,No,Yes,https://packages.redhat.com/pypi/trusted-libraries/main/integrity/mccabe/0.7.0/mccabe-0.7.0.tar.gz/provenance/
nest-asyncio,nest_asyncio-1.6.0-0-py3-none-any.whl,1.6.0,Yes,Yes,https://packages.redhat.com/pypi/trusted-libraries/main/integrity/nest-asyncio/1.6.0/nest_asyncio-1.6.0-0-py3-none-any.whl/provenance/
nest-asyncio,nest-asyncio-1.6.0.tar.gz,1.6.0,No,Yes,https://packages.redhat.com/pypi/trusted-libraries/main/integrity/nest-asyncio/1.6.0/nest-asyncio-1.6.0.tar.gz/provenance/
ordered-set,ordered_set-4.1.0-0-py3-none-any.whl,4.1.0,Yes,Yes,https://packages.redhat.com/pypi/trusted-libraries/main/integrity/ordered-set/4.1.0/ordered_set-4.1.0-0-py3-none-any.whl/provenance/
ordered-set,ordered-set-4.1.0.tar.gz,4.1.0,No,Yes,https://packages.redhat.com/pypi/trusted-libraries/main/integrity/ordered-set/4.1.0/ordered-set-4.1.0.tar.gz/provenance/
packaging,packaging-26.0-0-py3-none-any.whl,26.0,Yes,Yes,https://packages.redhat.com/pypi/trusted-libraries/main/integrity/packaging/26.0/packaging-26.0-0-py3-none-any.whl/provenance/
packaging,packaging-26.0.tar.gz,26.0,No,Yes,https://packages.redhat.com/pypi/trusted-libraries/main/integrity/packaging/26.0/packaging-26.0.tar.gz/provenance/
parso,parso-0.8.6-0-py2.py3-none-any.whl,0.8.6,Yes,Yes,https://packages.redhat.com/pypi/trusted-libraries/main/integrity/parso/0.8.6/parso-0.8.6-0-py2.py3-none-any.whl/provenance/
parso,parso-0.8.6.tar.gz,0.8.6,No,Yes,https://packages.redhat.com/pypi/trusted-libraries/main/integrity/parso/0.8.6/parso-0.8.6.tar.gz/provenance/
passlib,passlib-1.7.4-0-py2.py3-none-any.whl,1.7.4,Yes,Yes,https://packages.redhat.com/pypi/trusted-libraries/main/integrity/passlib/1.7.4/passlib-1.7.4-0-py2.py3-none-any.whl/provenance/
pathspec,pathspec-1.0.4-0-py3-none-any.whl,1.0.4,Yes,Yes,https://packages.redhat.com/pypi/trusted-libraries/main/integrity/pathspec/1.0.4/pathspec-1.0.4-0-py3-none-any.whl/provenance/
pathspec,pathspec-1.0.4.tar.gz,1.0.4,No,Yes,https://packages.redhat.com/pypi/trusted-libraries/main/integrity/pathspec/1.0.4/pathspec-1.0.4.tar.gz/provenance/
pdm-pep517,pdm_pep517-1.1.4-0-py3-none-any.whl,1.1.4,Yes,Yes,https://packages.redhat.com/pypi/trusted-libraries/main/integrity/pdm-pep517/1.1.4/pdm_pep517-1.1.4-0-py3-none-any.whl/provenance/
pdm-pep517,pdm-pep517-1.1.4.tar.gz,1.1.4,No,Yes,https://packages.redhat.com/pypi/trusted-libraries/main/integrity/pdm-pep517/1.1.4/pdm-pep517-1.1.4.tar.gz/provenance/
peewee,peewee-3.19.0-0-py3-none-any.whl,3.19.0,Yes,Yes,https://packages.redhat.com/pypi/trusted-libraries/main/integrity/peewee/3.19.0/peewee-3.19.0-0-py3-none-any.whl/provenance/
peewee,peewee-3.19.0.tar.gz,3.19.0,No,Yes,https://packages.redhat.com/pypi/trusted-libraries/main/integrity/peewee/3.19.0/peewee-3.19.0.tar.gz/provenance/
pexpect,pexpect-4.9.0-0-py2.py3-none-any.whl,4.9.0,Yes,Yes,https://packages.redhat.com/pypi/trusted-libraries/main/integrity/pexpect/4.9.0/pexpect-4.9.0-0-py2.py3-none-any.whl/provenance/
pexpect,pexpect-4.9.0.tar.gz,4.9.0,No,Yes,https://packages.redhat.com/pypi/trusted-libraries/main/integrity/pexpect/4.9.0/pexpect-4.9.0.tar.gz/provenance/
phonenumbers,phonenumbers-9.0.24-0-py2.py3-none-any.whl,9.0.24,Yes,Yes,https://packages.redhat.com/pypi/trusted-libraries/main/integrity/phonenumbers/9.0.24/phonenumbers-9.0.24-0-py2.py3-none-any.whl/provenance/
phonenumbers,phonenumbers-9.0.24.tar.gz,9.0.24,No,Yes,https://packages.redhat.com/pypi/trusted-libraries/main/integrity/phonenumbers/9.0.24/phonenumbers-9.0.24.tar.gz/provenance/
phonenumbers,phonenumbers-9.0.23-0-py2.py3-none-any.whl,9.0.23,Yes,Yes,https://packages.redhat.com/pypi/trusted-libraries/main/integrity/phonenumbers/9.0.23/phonenumbers-9.0.23-0-py2.py3-none-any.whl/provenance/
phonenumbers,phonenumbers-9.0.23.tar.gz,9.0.23,No,Yes,https://packages.redhat.com/pypi/trusted-libraries/main/integrity/phonenumbers/9.0.23/phonenumbers-9.0.23.tar.gz/provenance/
pluggy,pluggy-1.6.0-0-py3-none-any.whl,1.6.0,Yes,Yes,https://packages.redhat.com/pypi/trusted-libraries/main/integrity/pluggy/1.6.0/pluggy-1.6.0-0-py3-none-any.whl/provenance/
pluggy,pluggy-1.6.0.tar.gz,1.6.0,No,Yes,https://packages.redhat.com/pypi/trusted-libraries/main/integrity/pluggy/1.6.0/pluggy-1.6.0.tar.gz/provenance/
poetry-core,poetry_core-1.9.1-0-py3-none-any.whl,1.9.1,Yes,Yes,https://packages.redhat.com/pypi/trusted-libraries/main/integrity/poetry-core/1.9.1/poetry_core-1.9.1-0-py3-none-any.whl/provenance/
poetry-core,poetry_core-2.3.1-0-py3-none-any.whl,2.3.1,Yes,Yes,https://packages.redhat.com/pypi/trusted-libraries/main/integrity/poetry-core/2.3.1/poetry_core-2.3.1-0-py3-none-any.whl/provenance/
poetry-core,poetry_core-1.9.1.tar.gz,1.9.1,No,Yes,https://packages.redhat.com/pypi/trusted-libraries/main/integrity/poetry-core/1.9.1/poetry_core-1.9.1.tar.gz/provenance/
poetry-core,poetry_core-2.3.1.tar.gz,2.3.1,No,Yes,https://packages.redhat.com/pypi/trusted-libraries/main/integrity/poetry-core/2.3.1/poetry_core-2.3.1.tar.gz/provenance/
portalocker,portalocker-3.2.0-0-py3-none-any.whl,3.2.0,Yes,Yes,https://packages.redhat.com/pypi/trusted-libraries/main/integrity/portalocker/3.2.0/portalocker-3.2.0-0-py3-none-any.whl/provenance/
portalocker,portalocker-3.2.0.tar.gz,3.2.0,No,Yes,https://packages.redhat.com/pypi/trusted-libraries/main/integrity/portalocker/3.2.0/portalocker-3.2.0.tar.gz/provenance/
prometheus-client,prometheus_client-0.24.1-0-py3-none-any.whl,0.24.1,Yes,Yes,https://packages.redhat.com/pypi/trusted-libraries/main/integrity/prometheus-client/0.24.1/prometheus_client-0.24.1-0-py3-none-any.whl/provenance/
prometheus-client,prometheus-client-0.24.1.tar.gz,0.24.1,No,Yes,https://packages.redhat.com/pypi/trusted-libraries/main/integrity/prometheus-client/0.24.1/prometheus-client-0.24.1.tar.gz/provenance/
prompt-toolkit,prompt_toolkit-3.0.52-0-py3-none-any.whl,3.0.52,Yes,Yes,https://packages.redhat.com/pypi/trusted-libraries/main/integrity/prompt-toolkit/3.0.52/prompt_toolkit-3.0.52-0-py3-none-any.whl/provenance/
prompt-toolkit,prompt-toolkit-3.0.52.tar.gz,3.0.52,No,Yes,https://packages.redhat.com/pypi/trusted-libraries/main/integrity/prompt-toolkit/3.0.52/prompt-toolkit-3.0.52.tar.gz/provenance/
ptyprocess,ptyprocess-0.7.0-0-py2.py3-none-any.whl,0.7.0,Yes,Yes,https://packages.redhat.com/pypi/trusted-libraries/main/integrity/ptyprocess/0.7.0/ptyprocess-0.7.0-0-py2.py3-none-any.whl/provenance/
ptyprocess,ptyprocess-0.7.0.tar.gz,0.7.0,No,Yes,https://packages.redhat.com/pypi/trusted-libraries/main/integrity/ptyprocess/0.7.0/ptyprocess-0.7.0.tar.gz/provenance/
pure-eval,pure_eval-0.2.3-0-py3-none-any.whl,0.2.3,Yes,Yes,https://packages.redhat.com/pypi/trusted-libraries/main/integrity/pure-eval/0.2.3/pure_eval-0.2.3-0-py3-none-any.whl/provenance/
pure-eval,pure-eval-0.2.3.tar.gz,0.2.3,No,Yes,https://packages.redhat.com/pypi/trusted-libraries/main/integrity/pure-eval/0.2.3/pure-eval-0.2.3.tar.gz/provenance/
pyasn1,pyasn1-0.6.2-0-py3-none-any.whl,0.6.2,Yes,Yes,https://packages.redhat.com/pypi/trusted-libraries/main/integrity/pyasn1/0.6.2/pyasn1-0.6.2-0-py3-none-any.whl/provenance/
pyasn1,pyasn1-0.6.2.tar.gz,0.6.2,No,Yes,https://packages.redhat.com/pypi/trusted-libraries/main/integrity/pyasn1/0.6.2/pyasn1-0.6.2.tar.gz/provenance/
pycodestyle,pycodestyle-2.14.0-0-py2.py3-none-any.whl,2.14.0,Yes,Yes,https://packages.redhat.com/pypi/trusted-libraries/main/integrity/pycodestyle/2.14.0/pycodestyle-2.14.0-0-py2.py3-none-any.whl/provenance/
pycodestyle,pycodestyle-2.14.0.tar.gz,2.14.0,No,Yes,https://packages.redhat.com/pypi/trusted-libraries/main/integrity/pycodestyle/2.14.0/pycodestyle-2.14.0.tar.gz/provenance/
pyflakes,pyflakes-3.4.0-0-py2.py3-none-any.whl,3.4.0,Yes,Yes,https://packages.redhat.com/pypi/trusted-libraries/main/integrity/pyflakes/3.4.0/pyflakes-3.4.0-0-py2.py3-none-any.whl/provenance/
pyflakes,pyflakes-3.4.0.tar.gz,3.4.0,No,Yes,https://packages.redhat.com/pypi/trusted-libraries/main/integrity/pyflakes/3.4.0/pyflakes-3.4.0.tar.gz/provenance/
pymysql,pymysql-1.1.2-0-py3-none-any.whl,1.1.2,Yes,Yes,https://packages.redhat.com/pypi/trusted-libraries/main/integrity/pymysql/1.1.2/pymysql-1.1.2-0-py3-none-any.whl/provenance/
pymysql,pymysql-1.1.2.tar.gz,1.1.2,No,Yes,https://packages.redhat.com/pypi/trusted-libraries/main/integrity/pymysql/1.1.2/pymysql-1.1.2.tar.gz/provenance/
pyotp,pyotp-2.9.0-0-py3-none-any.whl,2.9.0,Yes,Yes,https://packages.redhat.com/pypi/trusted-libraries/main/integrity/pyotp/2.9.0/pyotp-2.9.0-0-py3-none-any.whl/provenance/
pyotp,pyotp-2.9.0.tar.gz,2.9.0,No,Yes,https://packages.redhat.com/pypi/trusted-libraries/main/integrity/pyotp/2.9.0/pyotp-2.9.0.tar.gz/provenance/
pyproject-hooks,pyproject_hooks-1.2.0-0-py3-none-any.whl,1.2.0,Yes,Yes,https://packages.redhat.com/pypi/trusted-libraries/main/integrity/pyproject-hooks/1.2.0/pyproject_hooks-1.2.0-0-py3-none-any.whl/provenance/
pyproject-hooks,pyproject_hooks-1.2.0.tar.gz,1.2.0,No,Yes,https://packages.redhat.com/pypi/trusted-libraries/main/integrity/pyproject-hooks/1.2.0/pyproject_hooks-1.2.0.tar.gz/provenance/
python-dateutil,python_dateutil-2.9.0.post0-0-py2.py3-none-any.whl,2.9.0.post0,Yes,Yes,https://packages.redhat.com/pypi/trusted-libraries/main/integrity/python-dateutil/2.9.0.post0/python_dateutil-2.9.0.post0-0-py2.py3-none-any.whl/provenance/
python-dateutil,python-dateutil-2.9.0.post0.tar.gz,2.9.0.post0,No,Yes,https://packages.redhat.com/pypi/trusted-libraries/main/integrity/python-dateutil/2.9.0.post0/python-dateutil-2.9.0.post0.tar.gz/provenance/
python-decouple,python_decouple-3.8-0-py3-none-any.whl,3.8,Yes,Yes,https://packages.redhat.com/pypi/trusted-libraries/main/integrity/python-decouple/3.8/python_decouple-3.8-0-py3-none-any.whl/provenance/
python-decouple,python-decouple-3.8.tar.gz,3.8,No,Yes,https://packages.redhat.com/pypi/trusted-libraries/main/integrity/python-decouple/3.8/python-decouple-3.8.tar.gz/provenance/
python-jose,python_jose-3.5.0-0-py2.py3-none-any.whl,3.5.0,Yes,Yes,https://packages.redhat.com/pypi/trusted-libraries/main/integrity/python-jose/3.5.0/python_jose-3.5.0-0-py2.py3-none-any.whl/provenance/
python-jose,python-jose-3.5.0.tar.gz,3.5.0,No,Yes,https://packages.redhat.com/pypi/trusted-libraries/main/integrity/python-jose/3.5.0/python-jose-3.5.0.tar.gz/provenance/
python-json-logger,python_json_logger-4.0.0-0-py3-none-any.whl,4.0.0,Yes,Yes,https://packages.redhat.com/pypi/trusted-libraries/main/integrity/python-json-logger/4.0.0/python_json_logger-4.0.0-0-py3-none-any.whl/provenance/
python-json-logger,python-json-logger-4.0.0.tar.gz,4.0.0,No,Yes,https://packages.redhat.com/pypi/trusted-libraries/main/integrity/python-json-logger/4.0.0/python-json-logger-4.0.0.tar.gz/provenance/
python-multipart,python_multipart-0.0.22-0-py3-none-any.whl,0.0.22,Yes,Yes,https://packages.redhat.com/pypi/trusted-libraries/main/integrity/python-multipart/0.0.22/python_multipart-0.0.22-0-py3-none-any.whl/provenance/
python-multipart,python-multipart-0.0.22.tar.gz,0.0.22,No,Yes,https://packages.redhat.com/pypi/trusted-libraries/main/integrity/python-multipart/0.0.22/python-multipart-0.0.22.tar.gz/provenance/
pyyaml,pyyaml-6.0.3-0-cp312-cp312-linux_x86_64.whl,6.0.3,Yes,Yes,https://packages.redhat.com/pypi/trusted-libraries/main/integrity/pyyaml/6.0.3/pyyaml-6.0.3-0-cp312-cp312-linux_x86_64.whl/provenance/
pyyaml,pyyaml-6.0.3-0-cp312-cp312-manylinux2014_x86_64.manylinux_2_17_x86_64.manylinux_2_28_x86_64.whl,6.0.3,Yes,Yes,https://packages.redhat.com/pypi/trusted-libraries/main/integrity/pyyaml/6.0.3/pyyaml-6.0.3-0-cp312-cp312-manylinux2014_x86_64.manylinux_2_17_x86_64.manylinux_2_28_x86_64.whl/provenance/
pyyaml,pyyaml-6.0.3.tar.gz,6.0.3,No,Yes,https://packages.redhat.com/pypi/trusted-libraries/main/integrity/pyyaml/6.0.3/pyyaml-6.0.3.tar.gz/provenance/
rsa,rsa-4.9.1-0-py3-none-any.whl,4.9.1,Yes,Yes,https://packages.redhat.com/pypi/trusted-libraries/main/integrity/rsa/4.9.1/rsa-4.9.1-0-py3-none-any.whl/provenance/
rsa,rsa-4.9.1.tar.gz,4.9.1,No,Yes,https://packages.redhat.com/pypi/trusted-libraries/main/integrity/rsa/4.9.1/rsa-4.9.1.tar.gz/provenance/
semantic-version,semantic_version-2.10.0-0-py2.py3-none-any.whl,2.10.0,Yes,Yes,https://packages.redhat.com/pypi/trusted-libraries/main/integrity/semantic-version/2.10.0/semantic_version-2.10.0-0-py2.py3-none-any.whl/provenance/
semantic-version,semantic-version-2.10.0.tar.gz,2.10.0,No,Yes,https://packages.redhat.com/pypi/trusted-libraries/main/integrity/semantic-version/2.10.0/semantic-version-2.10.0.tar.gz/provenance/
semver,semver-3.0.4-0-py3-none-any.whl,3.0.4,Yes,Yes,https://packages.redhat.com/pypi/trusted-libraries/main/integrity/semver/3.0.4/semver-3.0.4-0-py3-none-any.whl/provenance/
semver,semver-3.0.4.tar.gz,3.0.4,No,Yes,https://packages.redhat.com/pypi/trusted-libraries/main/integrity/semver/3.0.4/semver-3.0.4.tar.gz/provenance/
setuptools,setuptools-69.5.1-0-py3-none-any.whl,69.5.1,Yes,Yes,https://packages.redhat.com/pypi/trusted-libraries/main/integrity/setuptools/69.5.1/setuptools-69.5.1-0-py3-none-any.whl/provenance/
setuptools,setuptools-80.10.2-0-py3-none-any.whl,80.10.2,Yes,Yes,https://packages.redhat.com/pypi/trusted-libraries/main/integrity/setuptools/80.10.2/setuptools-80.10.2-0-py3-none-any.whl/provenance/
setuptools,setuptools-82.0.0-0-py3-none-any.whl,82.0.0,Yes,Yes,https://packages.redhat.com/pypi/trusted-libraries/main/integrity/setuptools/82.0.0/setuptools-82.0.0-0-py3-none-any.whl/provenance/
setuptools,setuptools-69.5.1.tar.gz,69.5.1,No,Yes,https://packages.redhat.com/pypi/trusted-libraries/main/integrity/setuptools/69.5.1/setuptools-69.5.1.tar.gz/provenance/
setuptools,setuptools-80.10.2.tar.gz,80.10.2,No,Yes,https://packages.redhat.com/pypi/trusted-libraries/main/integrity/setuptools/80.10.2/setuptools-80.10.2.tar.gz/provenance/
setuptools,setuptools-82.0.0.tar.gz,82.0.0,No,Yes,https://packages.redhat.com/pypi/trusted-libraries/main/integrity/setuptools/82.0.0/setuptools-82.0.0.tar.gz/provenance/
setuptools-git-versioning,setuptools_git_versioning-3.0.1-0-py3-none-any.whl,3.0.1,Yes,Yes,https://packages.redhat.com/pypi/trusted-libraries/main/integrity/setuptools-git-versioning/3.0.1/setuptools_git_versioning-3.0.1-0-py3-none-any.whl/provenance/
setuptools-git-versioning,setuptools-git-versioning-3.0.1.tar.gz,3.0.1,No,Yes,https://packages.redhat.com/pypi/trusted-libraries/main/integrity/setuptools-git-versioning/3.0.1/setuptools-git-versioning-3.0.1.tar.gz/provenance/
setuptools-scm,setuptools_scm-7.1.0-0-py3-none-any.whl,7.1.0,Yes,Yes,https://packages.redhat.com/pypi/trusted-libraries/main/integrity/setuptools-scm/7.1.0/setuptools_scm-7.1.0-0-py3-none-any.whl/provenance/
setuptools-scm,setuptools_scm-9.2.2-0-py3-none-any.whl,9.2.2,Yes,Yes,https://packages.redhat.com/pypi/trusted-libraries/main/integrity/setuptools-scm/9.2.2/setuptools_scm-9.2.2-0-py3-none-any.whl/provenance/
setuptools-scm,setuptools-scm-9.2.2.tar.gz,9.2.2,No,Yes,https://packages.redhat.com/pypi/trusted-libraries/main/integrity/setuptools-scm/9.2.2/setuptools-scm-9.2.2.tar.gz/provenance/
setuptools-scm,setuptools_scm-7.1.0.tar.gz,7.1.0,No,Yes,https://packages.redhat.com/pypi/trusted-libraries/main/integrity/setuptools-scm/7.1.0/setuptools_scm-7.1.0.tar.gz/provenance/
simplejson,simplejson-3.20.2-0-cp312-cp312-linux_x86_64.whl,3.20.2,Yes,Yes,https://packages.redhat.com/pypi/trusted-libraries/main/integrity/simplejson/3.20.2/simplejson-3.20.2-0-cp312-cp312-linux_x86_64.whl/provenance/
simplejson,simplejson-3.20.2-0-cp312-cp312-manylinux1_x86_64.manylinux_2_28_x86_64.manylinux_2_5_x86_64.whl,3.20.2,Yes,Yes,https://packages.redhat.com/pypi/trusted-libraries/main/integrity/simplejson/3.20.2/simplejson-3.20.2-0-cp312-cp312-manylinux1_x86_64.manylinux_2_28_x86_64.manylinux_2_5_x86_64.whl/provenance/
simplejson,simplejson-3.20.2.tar.gz,3.20.2,No,Yes,https://packages.redhat.com/pypi/trusted-libraries/main/integrity/simplejson/3.20.2/simplejson-3.20.2.tar.gz/provenance/
six,six-1.17.0-0-py2.py3-none-any.whl,1.17.0,Yes,Yes,https://packages.redhat.com/pypi/trusted-libraries/main/integrity/six/1.17.0/six-1.17.0-0-py2.py3-none-any.whl/provenance/
six,six-1.17.0.tar.gz,1.17.0,No,Yes,https://packages.redhat.com/pypi/trusted-libraries/main/integrity/six/1.17.0/six-1.17.0.tar.gz/provenance/
smmap,smmap-5.0.2-0-py3-none-any.whl,5.0.2,Yes,Yes,https://packages.redhat.com/pypi/trusted-libraries/main/integrity/smmap/5.0.2/smmap-5.0.2-0-py3-none-any.whl/provenance/
smmap,smmap-5.0.2.tar.gz,5.0.2,No,Yes,https://packages.redhat.com/pypi/trusted-libraries/main/integrity/smmap/5.0.2/smmap-5.0.2.tar.gz/provenance/
sortedcontainers,sortedcontainers-2.4.0-0-py3-none-any.whl,2.4.0,Yes,Yes,https://packages.redhat.com/pypi/trusted-libraries/main/integrity/sortedcontainers/2.4.0/sortedcontainers-2.4.0-0-py3-none-any.whl/provenance/
sortedcontainers,sortedcontainers-2.4.0.tar.gz,2.4.0,No,Yes,https://packages.redhat.com/pypi/trusted-libraries/main/integrity/sortedcontainers/2.4.0/sortedcontainers-2.4.0.tar.gz/provenance/
sqlparse,sqlparse-0.5.5-0-py3-none-any.whl,0.5.5,Yes,Yes,https://packages.redhat.com/pypi/trusted-libraries/main/integrity/sqlparse/0.5.5/sqlparse-0.5.5-0-py3-none-any.whl/provenance/
sqlparse,sqlparse-0.5.5.tar.gz,0.5.5,No,Yes,https://packages.redhat.com/pypi/trusted-libraries/main/integrity/sqlparse/0.5.5/sqlparse-0.5.5.tar.gz/provenance/
sse-starlette,sse_starlette-3.2.0-0-py3-none-any.whl,3.2.0,Yes,Yes,https://packages.redhat.com/pypi/trusted-libraries/main/integrity/sse-starlette/3.2.0/sse_starlette-3.2.0-0-py3-none-any.whl/provenance/
sse-starlette,sse-starlette-3.2.0.tar.gz,3.2.0,No,Yes,https://packages.redhat.com/pypi/trusted-libraries/main/integrity/sse-starlette/3.2.0/sse-starlette-3.2.0.tar.gz/provenance/
stack-data,stack_data-0.6.3-0-py3-none-any.whl,0.6.3,Yes,Yes,https://packages.redhat.com/pypi/trusted-libraries/main/integrity/stack-data/0.6.3/stack_data-0.6.3-0-py3-none-any.whl/provenance/
stack-data,stack-data-0.6.3.tar.gz,0.6.3,No,Yes,https://packages.redhat.com/pypi/trusted-libraries/main/integrity/stack-data/0.6.3/stack-data-0.6.3.tar.gz/provenance/
starlette,starlette-0.52.1-0-py3-none-any.whl,0.52.1,Yes,Yes,https://packages.redhat.com/pypi/trusted-libraries/main/integrity/starlette/0.52.1/starlette-0.52.1-0-py3-none-any.whl/provenance/
starlette,starlette-0.52.1.tar.gz,0.52.1,No,Yes,https://packages.redhat.com/pypi/trusted-libraries/main/integrity/starlette/0.52.1/starlette-0.52.1.tar.gz/provenance/
structlog,structlog-25.5.0-0-py3-none-any.whl,25.5.0,Yes,Yes,https://packages.redhat.com/pypi/trusted-libraries/main/integrity/structlog/25.5.0/structlog-25.5.0-0-py3-none-any.whl/provenance/
structlog,structlog-25.5.0.tar.gz,25.5.0,No,Yes,https://packages.redhat.com/pypi/trusted-libraries/main/integrity/structlog/25.5.0/structlog-25.5.0.tar.gz/provenance/
toml,toml-0.10.2-0-py2.py3-none-any.whl,0.10.2,Yes,Yes,https://packages.redhat.com/pypi/trusted-libraries/main/integrity/toml/0.10.2/toml-0.10.2-0-py2.py3-none-any.whl/provenance/
toml,toml-0.10.2.tar.gz,0.10.2,No,Yes,https://packages.redhat.com/pypi/trusted-libraries/main/integrity/toml/0.10.2/toml-0.10.2.tar.gz/provenance/
toolz,toolz-1.1.0-0-py3-none-any.whl,1.1.0,Yes,Yes,https://packages.redhat.com/pypi/trusted-libraries/main/integrity/toolz/1.1.0/toolz-1.1.0-0-py3-none-any.whl/provenance/
toolz,toolz-1.1.0.tar.gz,1.1.0,No,Yes,https://packages.redhat.com/pypi/trusted-libraries/main/integrity/toolz/1.1.0/toolz-1.1.0.tar.gz/provenance/
traitlets,traitlets-5.14.3-0-py3-none-any.whl,5.14.3,Yes,Yes,https://packages.redhat.com/pypi/trusted-libraries/main/integrity/traitlets/5.14.3/traitlets-5.14.3-0-py3-none-any.whl/provenance/
traitlets,traitlets-5.14.3.tar.gz,5.14.3,No,Yes,https://packages.redhat.com/pypi/trusted-libraries/main/integrity/traitlets/5.14.3/traitlets-5.14.3.tar.gz/provenance/
trove-classifiers,trove_classifiers-2026.1.14.14-0-py3-none-any.whl,2026.1.14.14,Yes,Yes,https://packages.redhat.com/pypi/trusted-libraries/main/integrity/trove-classifiers/2026.1.14.14/trove_classifiers-2026.1.14.14-0-py3-none-any.whl/provenance/
trove-classifiers,trove-classifiers-2026.1.14.14.tar.gz,2026.1.14.14,No,Yes,https://packages.redhat.com/pypi/trusted-libraries/main/integrity/trove-classifiers/2026.1.14.14/trove-classifiers-2026.1.14.14.tar.gz/provenance/
types-python-dateutil,types_python_dateutil-2.9.0.20260124-0-py3-none-any.whl,2.9.0.20260124,Yes,Yes,https://packages.redhat.com/pypi/trusted-libraries/main/integrity/types-python-dateutil/2.9.0.20260124/types_python_dateutil-2.9.0.20260124-0-py3-none-any.whl/provenance/
types-python-dateutil,types-python-dateutil-2.9.0.20260124.tar.gz,2.9.0.20260124,No,Yes,https://packages.redhat.com/pypi/trusted-libraries/main/integrity/types-python-dateutil/2.9.0.20260124/types-python-dateutil-2.9.0.20260124.tar.gz/provenance/
types-pytz,types_pytz-2025.2.0.20251108-0-py3-none-any.whl,2025.2.0.20251108,Yes,Yes,https://packages.redhat.com/pypi/trusted-libraries/main/integrity/types-pytz/2025.2.0.20251108/types_pytz-2025.2.0.20251108-0-py3-none-any.whl/provenance/
types-pytz,types-pytz-2025.2.0.20251108.tar.gz,2025.2.0.20251108,No,Yes,https://packages.redhat.com/pypi/trusted-libraries/main/integrity/types-pytz/2025.2.0.20251108/types-pytz-2025.2.0.20251108.tar.gz/provenance/
types-pyyaml,types_pyyaml-6.0.12.20250915-0-py3-none-any.whl,6.0.12.20250915,Yes,Yes,https://packages.redhat.com/pypi/trusted-libraries/main/integrity/types-pyyaml/6.0.12.20250915/types_pyyaml-6.0.12.20250915-0-py3-none-any.whl/provenance/
types-pyyaml,types-pyyaml-6.0.12.20250915.tar.gz,6.0.12.20250915,No,Yes,https://packages.redhat.com/pypi/trusted-libraries/main/integrity/types-pyyaml/6.0.12.20250915/types-pyyaml-6.0.12.20250915.tar.gz/provenance/
types-requests,types_requests-2.32.4.20260107-0-py3-none-any.whl,2.32.4.20260107,Yes,Yes,https://packages.redhat.com/pypi/trusted-libraries/main/integrity/types-requests/2.32.4.20260107/types_requests-2.32.4.20260107-0-py3-none-any.whl/provenance/
types-requests,types-requests-2.32.4.20260107.tar.gz,2.32.4.20260107,No,Yes,https://packages.redhat.com/pypi/trusted-libraries/main/integrity/types-requests/2.32.4.20260107/types-requests-2.32.4.20260107.tar.gz/provenance/
types-setuptools,types_setuptools-81.0.0.20260209-0-py3-none-any.whl,81.0.0.20260209,Yes,Yes,https://packages.redhat.com/pypi/trusted-libraries/main/integrity/types-setuptools/81.0.0.20260209/types_setuptools-81.0.0.20260209-0-py3-none-any.whl/provenance/
types-setuptools,types-setuptools-81.0.0.20260209.tar.gz,81.0.0.20260209,No,Yes,https://packages.redhat.com/pypi/trusted-libraries/main/integrity/types-setuptools/81.0.0.20260209/types-setuptools-81.0.0.20260209.tar.gz/provenance/
types-setuptools,types_setuptools-80.10.0.20260124-0-py3-none-any.whl,80.10.0.20260124,Yes,Yes,https://packages.redhat.com/pypi/trusted-libraries/main/integrity/types-setuptools/80.10.0.20260124/types_setuptools-80.10.0.20260124-0-py3-none-any.whl/provenance/
types-setuptools,types-setuptools-80.10.0.20260124.tar.gz,80.10.0.20260124,No,Yes,https://packages.redhat.com/pypi/trusted-libraries/main/integrity/types-setuptools/80.10.0.20260124/types-setuptools-80.10.0.20260124.tar.gz/provenance/
types-toml,types_toml-0.10.8.20240310-0-py3-none-any.whl,0.10.8.20240310,Yes,Yes,https://packages.redhat.com/pypi/trusted-libraries/main/integrity/types-toml/0.10.8.20240310/types_toml-0.10.8.20240310-0-py3-none-any.whl/provenance/
types-toml,types-toml-0.10.8.20240310.tar.gz,0.10.8.20240310,No,Yes,https://packages.redhat.com/pypi/trusted-libraries/main/integrity/types-toml/0.10.8.20240310/types-toml-0.10.8.20240310.tar.gz/provenance/
types-urllib3,types_urllib3-1.26.25.14-0-py3-none-any.whl,1.26.25.14,Yes,Yes,https://packages.redhat.com/pypi/trusted-libraries/main/integrity/types-urllib3/1.26.25.14/types_urllib3-1.26.25.14-0-py3-none-any.whl/provenance/
types-urllib3,types-urllib3-1.26.25.14.tar.gz,1.26.25.14,No,Yes,https://packages.redhat.com/pypi/trusted-libraries/main/integrity/types-urllib3/1.26.25.14/types-urllib3-1.26.25.14.tar.gz/provenance/
typing-extensions,typing_extensions-4.15.0-0-py3-none-any.whl,4.15.0,Yes,Yes,https://packages.redhat.com/pypi/trusted-libraries/main/integrity/typing-extensions/4.15.0/typing_extensions-4.15.0-0-py3-none-any.whl/provenance/
typing-extensions,typing_extensions-4.15.0.tar.gz,4.15.0,No,Yes,https://packages.redhat.com/pypi/trusted-libraries/main/integrity/typing-extensions/4.15.0/typing_extensions-4.15.0.tar.gz/provenance/
uritemplate,uritemplate-4.2.0-0-py3-none-any.whl,4.2.0,Yes,Yes,https://packages.redhat.com/pypi/trusted-libraries/main/integrity/uritemplate/4.2.0/uritemplate-4.2.0-0-py3-none-any.whl/provenance/
uritemplate,uritemplate-4.2.0.tar.gz,4.2.0,No,Yes,https://packages.redhat.com/pypi/trusted-libraries/main/integrity/uritemplate/4.2.0/uritemplate-4.2.0.tar.gz/provenance/
urllib3,urllib3-2.6.3-0-py3-none-any.whl,2.6.3,Yes,Yes,https://packages.redhat.com/pypi/trusted-libraries/main/integrity/urllib3/2.6.3/urllib3-2.6.3-0-py3-none-any.whl/provenance/
urllib3,urllib3-2.6.3.tar.gz,2.6.3,No,Yes,https://packages.redhat.com/pypi/trusted-libraries/main/integrity/urllib3/2.6.3/urllib3-2.6.3.tar.gz/provenance/
validators,validators-0.35.0-0-py3-none-any.whl,0.35.0,Yes,Yes,https://packages.redhat.com/pypi/trusted-libraries/main/integrity/validators/0.35.0/validators-0.35.0-0-py3-none-any.whl/provenance/
validators,validators-0.35.0.tar.gz,0.35.0,No,Yes,https://packages.redhat.com/pypi/trusted-libraries/main/integrity/validators/0.35.0/validators-0.35.0.tar.gz/provenance/
vine,vine-5.1.0-0-py3-none-any.whl,5.1.0,Yes,Yes,https://packages.redhat.com/pypi/trusted-libraries/main/integrity/vine/5.1.0/vine-5.1.0-0-py3-none-any.whl/provenance/
vine,vine-5.1.0.tar.gz,5.1.0,No,Yes,https://packages.redhat.com/pypi/trusted-libraries/main/integrity/vine/5.1.0/vine-5.1.0.tar.gz/provenance/
wcwidth,wcwidth-0.6.0-0-py3-none-any.whl,0.6.0,Yes,Yes,https://packages.redhat.com/pypi/trusted-libraries/main/integrity/wcwidth/0.6.0/wcwidth-0.6.0-0-py3-none-any.whl/provenance/
wcwidth,wcwidth-0.6.0.tar.gz,0.6.0,No,Yes,https://packages.redhat.com/pypi/trusted-libraries/main/integrity/wcwidth/0.6.0/wcwidth-0.6.0.tar.gz/provenance/
wheel,wheel-0.46.3-0-py3-none-any.whl,0.46.3,Yes,Yes,https://packages.redhat.com/pypi/trusted-libraries/main/integrity/wheel/0.46.3/wheel-0.46.3-0-py3-none-any.whl/provenance/
wheel,wheel-0.46.3.tar.gz,0.46.3,No,Yes,https://packages.redhat.com/pypi/trusted-libraries/main/integrity/wheel/0.46.3/wheel-0.46.3.tar.gz/provenance/
xmltodict,xmltodict-1.0.3-0-py3-none-any.whl,1.0.3,Yes,Yes,https://packages.redhat.com/pypi/trusted-libraries/main/integrity/xmltodict/1.0.3/xmltodict-1.0.3-0-py3-none-any.whl/provenance/
xmltodict,xmltodict-1.0.3.tar.gz,1.0.3,No,Yes,https://packages.redhat.com/pypi/trusted-libraries/main/integrity/xmltodict/1.0.3/xmltodict-1.0.3.tar.gz/provenance/
yamllint,yamllint-1.38.0-0-py3-none-any.whl,1.38.0,Yes,Yes,https://packages.redhat.com/pypi/trusted-libraries/main/integrity/yamllint/1.38.0/yamllint-1.38.0-0-py3-none-any.whl/provenance/
yamllint,yamllint-1.38.0.tar.gz,1.38.0,No,Yes,https://packages.redhat.com/pypi/trusted-libraries/main/integrity/yamllint/1.38.0/yamllint-1.38.0.tar.gz/provenance/
